<application>
  <component name="GitRememberedInputs">
    <option name="visitedUrls">
      <list>
        <UrlAndUserName>
          <option name="url" value="https://github.com/yoonje/practice-for-coding-test" />
          <option name="userName" value="" />
        </UrlAndUserName>
        <UrlAndUserName>
          <option name="url" value="https://github.com/yoonje/algorithm" />
          <option name="userName" value="" />
        </UrlAndUserName>
        <UrlAndUserName>
          <option name="url" value="https://github.com/yoonje/guider" />
          <option name="userName" value="" />
        </UrlAndUserName>
        <UrlAndUserName>
          <option name="url" value="https://github.com/iipeace/guider" />
          <option name="userName" value="" />
        </UrlAndUserName>
        <UrlAndUserName>
          <option name="url" value="https://github.com/guiderOrg/guider-visualizer" />
          <option name="userName" value="" />
        </UrlAndUserName>
        <UrlAndUserName>
          <option name="url" value="https://github.com/guiderOrg/visualizer" />
          <option name="userName" value="" />
        </UrlAndUserName>
        <UrlAndUserName>
          <option name="url" value="https://github.com/yoonje/visualizer" />
          <option name="userName" value="" />
        </UrlAndUserName>
        <UrlAndUserName>
          <option name="url" value="https://github.com/yoonje/covid19-project" />
          <option name="userName" value="" />
        </UrlAndUserName>
        <UrlAndUserName>
          <option name="url" value="https://github.com/SSU-NC/toiot-sink-node-driver" />
          <option name="userName" value="" />
        </UrlAndUserName>
      </list>
    </option>
    <option name="cloneParentDir" value="$USER_HOME$/PycharmProjects" />
  </component>
  <component name="VcsApplicationSettings">
    <option name="COMMIT_FROM_LOCAL_CHANGES" value="true" />
  </component>
</application>